<?xml version="1.0" encoding="UTF-8"?>
<project-private xmlns="http://www.netbeans.org/ns/project-private/1">
    <editor-bookmarks xmlns="http://www.netbeans.org/ns/editor-bookmarks/2" lastBookmarkId="0"/>
    <open-files xmlns="http://www.netbeans.org/ns/projectui-open-files/2">
        <group>
            <file>file:/D:/Mis%20clases%20de%20programacion/Mis%20clases%20de%20Java/sesion-5/Evaluacion_continua_1/Evaluacion_continua/src/Evaluacion_continua/Caso_2.java</file>
            <file>file:/D:/Mis%20clases%20de%20programacion/Mis%20clases%20de%20Java/sesion-5/Evaluacion_continua_1/Evaluacion_continua/src/Evaluacion_continua/Caso_1.java</file>
            <file>file:/D:/Mis%20clases%20de%20programacion/Mis%20clases%20de%20Java/sesion-5/Evaluacion_continua_1/Evaluacion_continua/src/Evaluacion_continua/Caso_3.java</file>
        </group>
    </open-files>
</project-private>
