<?xml version="1.0" encoding="UTF-8"?>
<project-private xmlns="http://www.netbeans.org/ns/project-private/1">
    <editor-bookmarks xmlns="http://www.netbeans.org/ns/editor-bookmarks/2" lastBookmarkId="2"/>
    <open-files xmlns="http://www.netbeans.org/ns/projectui-open-files/2">
        <group>
            <file>file:/D:/Mis%20clases%20de%20programacion/Mis%20clases%20de%20Java/Examen%20Final/Aldeanth/web/editar.jsp</file>
            <file>file:/D:/Mis%20clases%20de%20programacion/Mis%20clases%20de%20Java/Examen%20Final/Aldeanth/web/acciones/actualizar.jsp</file>
            <file>file:/D:/Mis%20clases%20de%20programacion/Mis%20clases%20de%20Java/Examen%20Final/Aldeanth/web/js/script.js</file>
            <file>file:/D:/Mis%20clases%20de%20programacion/Mis%20clases%20de%20Java/Examen%20Final/Aldeanth/web/css/styles.css</file>
            <file>file:/D:/Mis%20clases%20de%20programacion/Mis%20clases%20de%20Java/Examen%20Final/Aldeanth/web/index.jsp</file>
            <file>file:/D:/Mis%20clases%20de%20programacion/Mis%20clases%20de%20Java/Examen%20Final/Aldeanth/web/Productos.jsp</file>
            <file>file:/D:/Mis%20clases%20de%20programacion/Mis%20clases%20de%20Java/Examen%20Final/Aldeanth/web/acciones/eliminar.jsp</file>
            <file>file:/D:/Mis%20clases%20de%20programacion/Mis%20clases%20de%20Java/Examen%20Final/Aldeanth/web/ventas.jsp</file>
        </group>
    </open-files>
</project-private>
