<?xml version="1.0" encoding="UTF-8"?>
<project-private xmlns="http://www.netbeans.org/ns/project-private/1">
    <editor-bookmarks xmlns="http://www.netbeans.org/ns/editor-bookmarks/2" lastBookmarkId="0"/>
    <open-files xmlns="http://www.netbeans.org/ns/projectui-open-files/2">
        <group>
            <file>file:/D:/Mis%20clases%20de%20programacion/Mis%20clases%20de%20Java/sesion-15/actividad-Crud-tabla-Cliente/CRUD-Cliente/web/guardar.jsp</file>
            <file>file:/D:/Mis%20clases%20de%20programacion/Mis%20clases%20de%20Java/sesion-15/actividad-Crud-tabla-Cliente/CRUD-Cliente/web/editar.jsp</file>
            <file>file:/D:/Mis%20clases%20de%20programacion/Mis%20clases%20de%20Java/sesion-15/actividad-Crud-tabla-Cliente/CRUD-Cliente/web/Gestionar_Clientes.jsp</file>
            <file>file:/D:/Mis%20clases%20de%20programacion/Mis%20clases%20de%20Java/sesion-15/actividad-Crud-tabla-Cliente/CRUD-Cliente/web/index.html</file>
        </group>
    </open-files>
</project-private>
