<?xml version="1.0" encoding="UTF-8"?>
<project-private xmlns="http://www.netbeans.org/ns/project-private/1">
    <editor-bookmarks xmlns="http://www.netbeans.org/ns/editor-bookmarks/2" lastBookmarkId="0"/>
    <open-files xmlns="http://www.netbeans.org/ns/projectui-open-files/2">
        <group>
            <file>file:/D:/Mis%20clases%20de%20programacion/Mis%20clases%20de%20Java/sesion-15/Aplicacion11%20-%20Desarrollada/Aplicacion11%20-%20Desarrollada/SistemaAlmacen3/web/guardar.jsp</file>
            <file>file:/D:/Mis%20clases%20de%20programacion/Mis%20clases%20de%20Java/sesion-15/Aplicacion11%20-%20Desarrollada/Aplicacion11%20-%20Desarrollada/SistemaAlmacen3/web/index.html</file>
            <file>file:/D:/Mis%20clases%20de%20programacion/Mis%20clases%20de%20Java/sesion-15/Aplicacion11%20-%20Desarrollada/Aplicacion11%20-%20Desarrollada/SistemaAlmacen3/src/java/utilitarios/ConexionBD.java</file>
            <file>file:/D:/Mis%20clases%20de%20programacion/Mis%20clases%20de%20Java/sesion-15/Aplicacion11%20-%20Desarrollada/Aplicacion11%20-%20Desarrollada/SistemaAlmacen3/web/registrar.jsp</file>
        </group>
    </open-files>
</project-private>
